20171109,International Business Machines Corporation (IBM) vs. Fidelity National ...
20171109,"EOD Risers: General Electric Company, International Business Machines Corp ..."
20171109,International Business Machines Corporation (NYSE: IBM) â€?Hair-Raising Facts ...
20171109,International Business Machines Is a Sleeping Cloud Giant
20171109,Trading Sheet: Reviewing the Levels for International Business Machines ...
20171109,"International Business Machines Corporation, (NYSE: IBM), Apollo Commercial ..."
20171109,"Morgan Stanley, (NYSE: MS), International Business Machines Corporation, (NYSE ..."
20171109,Investors are upbeat on the prospect of these stock's: Matador Resources ...
20171109,"Noteworthy Wednesday Option Activity: MNST, CSCO, IBM"
20171109,International Business Machines Corporation (NYSE:IBM) Shares Bought by ...
20171109,Performance Up Watch on International Business Machines Corporation (IBM ...
20171109,Technical Snapshots for Investors: International Business Machines Corporation ...
20171109,Tracking the Current Consensus Price Target for International Business ...
20171109,Visa Inc. (V) is up 0.48% on day's low while International Business Machines ...
20171109,Know the Secrets in Technical Analysis of International Business Machines ...
20171109,Why Tesla's China Situation May Be More Favorable Than Previously Imagined
20171109,"Undertaking Stocks-:- Automatic Data Processing, Inc. (NASDAQ:ADP ..."
20171109,Stock Picks With Profit Margins Analysis: International Business Machines ...
20171109,MARKET SNAPSHOT: Stock Market Slips On Anniversary Of Trump Election Day Win
20171109,Motco Raised Ibm (IBM) Stake; Standard Chartered PLC (LON:STAN) Covered By 9 Bulls
20171109,Gofen & Glossberg Lowered By $1.63 Million Its International Business Machine ...
20171109,"Carl Domino Inc Buys DowDuPont Inc, Bank of America Corporation, CenturyLink ..."
20171109,P-TECH school in Brooklyn giving students innovative boost
20171109,Rise of the machines: Philippine outsourcing industry braces for AI | Article [AMP]
20171109,American Companies Keep Sending Thousands of Jobs Overseas
20171109,Trump tells Dems he's a 'big loser' under GOP tax plan
20171109,Here's What You Need to Know About Salesforce's Einstein
20171109,The 6 Trillion Cyber war is Here
20171109,ZipHub Welcomes Seasoned Technology Professional to Its Board of Directors
20171109,IBM hands greater data controls to clients ahead of looming GDPR deadline
20171109,Mulvaney: WH won't sign onto a bill that raises middle-class taxes
20171109,Who's automating the enterprise? Meet Amelia and the future of work | ZDNet
20171109,Salesforce CEO dismisses Microsoft as a competitor
20171109,Stock market slips on anniversary of Trump Election Day win
20171109,Qualtrics Aims To Democratize 'eXperience' Analytics
20171109,The largest grocery chain in the US is using Google and Microsoft clouds to avoid paying Amazon
20171109,Meet the Computer Scientist Championing Paper Ballots
20171108,Contrasting GoDaddy (GDDY) and International Business Machines Corporation (IBM)
20171108,IBM adding 20 jobs to innovation hub
20171108,How to Invest in Blockchain and the Cryptocurrencies
20171107,International Business Machines Corporation (IBM) Reports Insider DEL BENE ...
20171107,Is International Business Machines (IBM) a Great Value Pick?
20171107,Stocks Hitting New Technical Facts: International Business Machines ...
20171107,"Noteworthy ETF Inflows: XLK, ORCL, MA, IBM"
20171107,"Notable News Buzz: International Business Machines Corporation, (NYSE: IBM ..."
20171107,How Artificial Intelligence Will Boost These 8 Stocks
20171107,Focused Investors Lowered International Business Machine (IBM) Stake By $44.91 ...
20171107,IBM Wants British Columbia to Track Legal Pot With Blockchain Tech
20171107,IBM expands AI research to support an aging population - SD Times
20171107,Why IBM wants to hire employees who donâ€™t have a 4-year college degree
20171107,IBM Has a New Blockchain Idea: Tracking Marijuana Sales
20171107,PowerPlan Announces Strategic Partnership with MACS EU
20171107,Vanguard Integrity Professionals At IBM Z Systems Technical University
20171107,IBM pitches blockchain for cannabis sale
20171106,International Business Machines Corp (IBM) Closes 0.49% Down on the Day for ...
20171106,Analysts Forecasting Volatility Indicators: International Business Machines ...
20171106,"Kahn Brothers Buys VOXX International Corp, Patterson-UTI Energy Inc, AT&T Inc ..."
20171106,Hair-Raising Facts to Know â€?International Business Machines Corporation ...
20171106,WeChat parent company Tencent joins the OpenStack Foundation as a Gold Member
20171106,Why Apple could become an even better stock as its growth slows
20171106,"Salesforce preaches customization, AI, enabling business execs with low-code approaches"
20171106,IBM Cloud Private pulls from Big Blue's roots
20171106,World capital of block chain is now rising in the Middle East
20171106,Anthem becomes second-largest company with woman as CEO
20171105,Is There Strength Behind the Valuation For International Business Machines ...
20171104,IBM Applies to Sell Rochester Campus
20171104,New IBM platform turns your data center into a cloud
20171104,"IBM moves forward with Rochester campus sale, seeking permission to divide it into parcels"
20171103,"Breton Hill Capital Ltd. Buys International Business Machines Corp, Pitney ..."
20171103,International Business Machines Corp. Stock Still Looks Overvalued
20171103,"Facebook, Google, Microsoft, SpaceX: US will lose $460.3 billion if we end 'dreamer' protection"
20171103,IBM campus to be divided between two owners
20171103,Dow loses grip on intraday record in early trade as Goldman Boeing s stocks offset Apples rise
20171103,10-Q: IBM CREDIT LLC
20171103,3 Stocks Your Children Will Brag About Someday
20171103,Can You Benefit From a
20171103,"IBM takes steps to sell Rochester property, lease back space it needs"
20171103,The 10 Most Valuable Brands of 2017
20171102,International Business Machines Corp. Stock Still Looks Overvalued
20171102,IBM â€?International Business Machines Corporation: IBM Closes Acquisition of ...
20171102,Traditional Tech Said to Push New Sales Incentives to Drive Cloud Use
20171102,Element AI bags former IBM chief innovation officer
20171102,"IBM announced new offerings to its Watson Data Platform, including data cataloging and data refining"
20171102,"IBM enhances Watson Data Platform, with an eye towards AI"
20171102,IBM Closes Acquisition of Vivant Digital Business
20171102,Element AI Taps Former IBM Innovation Leader To Help Steer Growth Path
20171102,Former IBM Chief Innovation Officer Joins Element AI
20171102,"Smart toy startup Elemental Path introduces the STEMosaur, a robot kids can put together"
20171102,3D TLC NAND gives capacity boost to IBM FlashSystem 900
20171101,International Business Machines Corp. (IBM) Still Flawed
20171101,"Today's Brokerage Rating: Diamond Offshore Drilling, Inc. (DO), International ..."
20171101,Dissecting the Numbers for International Business Machines Corporation (IBM ...
20171031,IBM board authorizes $3 bln for stock repurchase
20171030,"As International Business Machines Corp. Adapts, IBM Stock Should Follow"
20171030,IBM elects Joseph Swedish and Frederick Waddell to Board of Directors
20171027,How Secure Is IBM?
20171026,IBM: Is Now A Good Time To Buy?
20171026,IBM: Ahead Of Schedule But Not There Yet
20171026,Better Buy: International Business Machines vs. Oracle
20171025,"International Business Machines Becomes #1 Most Shorted Dow Stock, Replacing ..."
20171025,3 Reasons Why International Business Machines Corp. Stock Has More Upside
20171025,International Business Machines Corp (IBM) Closes 1.53% Down on the Day for ...
20171024,International Business Machines Corp. Stock's Transition Is Almost Complete
20171023,IBM Is At An Inflection Point
20171023,IBM's Immortal Dinosaurs Are Winning
20171023,IBM: Selling Impetus For Warren Buffett
20171020,"International Business Machines Corp. Stock Is Soaring Post-Earnings, But Can ..."
20171020,IBM: Market Overreaction To A Minor Improvement
20171020,IBM: It's Still About The Compelling Valuation
20171019,"Thursday's Vital Data: Union Pacific Corporation (UNP), International Business ..."
20171019,Best Dividend Stocks: IBM
20171018,IBM: After 22 Quarters The Turn Is Coming
20171018,You Shouldn't Get Fooled By IBM
20171018,IBM says security software grew double digits in Q3
20171017,IBM: Blockchain Play?
20171017,Buy International Business Machines Corp. While It's In the 'Goldilocks' Zone
20171017,International Business Machines Corp. (IBM) Q3 Earnings Top Estimates
20171017,IBM (IBM) Stock Pops On Q3 Cloud Revenue Growth
20171017,IBM reports 2017 third-quarter results
20171016,IBM: I Challenge You Not To Yawn
20171016,Should You Buy International Business Machines (IBM) Ahead of Earnings ...
20171013,International Business Machine Corp. (IBM) Stock Is Ready to Surge
20171013,Stocks Under Scanner in the IT Services Space -- International Business ...
20171011,IBM Shareholders Are Not Going To Be Rewarded
20171011,International Business Machines Corp. (IBM) Stock: 3 Pros and 3 Cons for ...
20171010,Oracle names IBM as strategic HR BPO provider
20171004,IBM acquires Vivant Digital business in Australia
20170906,IBM awarded $135 mln U.S. Army contract
20170905,Volkswagen and IBM develop digital mobility services together
20170828,"Finjan Holdings says co, Finjan Blue, IBM enter into patent assignment and support agreement"
20170828,"Finjan announces formation of new subsidiary, Finjan Blue"
20170814,Soros Fund Management dissolves share stake in IBM
20170807,IBM gets notification of unsolicited â€œmini-tenderâ€?offer by baker mills to buy co's shares 
20170804,Berkshire Hathaway says it had $27.3 bln stake in Wells Fargo as of June 30
20170728,iKang Group enters into partnership with Baheal Intelligent Technology
20170725,IBM expects 2017 pre-tax retirement-related plan cost to be about $2.9 bln - SEC filing
20170725,IBM sets regular quarterly cash dividend of $1.50 per share
20170718,IBM reports Q2 operating earnings $2.97/shr
20170713,"IBM collaborates with Stockx to design, build and deploy a new app on IBM Cloud"
20170713,IBM and Automation Anywhere team up to help businesses streamline operations
20170712,Lightbend announces close of $15 mln funding round investors
20170630,"Certent acquires IBM Cognos Disclosure Management, Clarity 7 solutions"
20170626,IBM says companies using Cisco UCS servers can now manage data intensive workloads on-premises with IBM COS
20170613,"IBM says co, Hortonworks announced expansion to relationship"
20170607,IBM reaffirms previously disclosed 2017 expectations for EPS and free cash flow
20170601,IBM and SAP collaborate to build new infrastructure for Helse Vest in Norway
20170531,IBM says Cisco and Co security working together to address growing global threat of cybercrime
20170531,IBM acquires TIMETOACT GROUP's XCC to launch IBM Connections Engagement Center
20170523,Hitachi to collaborate with IBM - nikkei
20170505,"Warren Buffett says he sold a third of his IBM stake in Q1, Q2 2017- CNBC"
20170425,"IBM says declares quarterly cash dividend of $1.50per share, 7 pct increase"
20170418,IBM reports Q1 earnings per share $1.85
20170411,"The Weather Company, Lyft to provide personalized recommendations for Samsung users"
20170306,IBM and Salesforce announce global strategic partnership
20170303,IBM and Goldcorp Team to bring Watson to the Mines
20170216,"Avnet, IBM Advance IoT Solutions with joint development lab"
20170216,IBM says collaborating with Visa that brings PoS everywhere visa is accepted
20170207,"IBM says blockchain initiative with Dubai Customs,Dubai Trade"
20170207,Dilip Buildcon ties up with IBM for digital transformation
20170203,IBM closes acquisition of Agile 3 Solutions
20170202,"IBM, United Airlines collaborate on enterprise iOS apps"
20170131,IBM sets regular quarterly cash dividend of $1.40per share
20170123,IBM Security plans to acquire Agile 3 solutions to help the C-Suite manage data risk
20170117,IBM and Bell transform enterprise mobility in Canada
20170112,Sacem & IBM join forces to deliver new global online music copyright management platform
20161213,Ibm says Vice President Stanley Sutula III resigns his position
20161201,"Pfizer Inc, IBM announced a collaboration that will utilize IBM watson for drug discovery"
20161116,IBM Security expands incident response capabilities as part of $200 mln investment
20161115,IBM closes acquisition of Sanovi Technologies
20161104,"Berkshire Hathaway Q3 operating earnings per class A equivalent share $2,951"
20161101,Celgene and IBM Watson Health collaborate to transform patient safety monitoring
20161101,IBM buys division of product development company Fluid
20161026,"Teva, IBM to enable drug development and chronic disease management with Watson"
20161025,IBM authorizes $3 bln stock repurchase
20161021,IBM: SBI Securities is testing potential of blockchain technology for a new type of bond trading system.
20161017,IBM posts qtrly diluted GAAP earnings per share of $2.98
20161011,"IBM Watson Health, Siemens Healthineers sign global alliance for population health management"
20161005,"Panasonic,IBM will join hands to develop household systems powered by artificial intelligence - nikkei"
20161003,IBM says announces $200 mln investment
20160929,"IBM says plans to acquire Promontory Financial Group, a risk management and regulatory compliance consulting firm"
20160926,IBM provides real-time payment processing for banks with new financial transaction manager
20160922,CDI and International Business Machines have entered into a master statement of work
20160916,IBM and Bank of Tokyo-Mitsubishi UFJ to use blockchain for contract management between the 2 companies
20160901,Royal Philips appoints Sophie Bechu as Chief of Operations
20160831,Laurentian Bank Q3 adjusted EPS C$1.37
20160825,IBM expands cloud footprint in Korea
20160824,Indusind Bank and IBM enter agreement for digital marketing services<IBM.N><INBK.NS>
20160815,"Workday, IBM form strategic partnership on the IBM cloud"
20160815,Workday on Monday expects to announce a 7 year deal to use IBM's cloud-computing services for some internal operations - WSJ
20160803,IBM's Weather Co to work with AirMap
20160801,"IBM said to be in early talks to acquire Revel systems- Bloomberg, citing sources"
20160727,Weatherford Q2 GAAP loss per share $0.63
20160727,"IBM commits resources, technology, expertise to help fight zika virus"
20160726,IBM files for potential mixed shelf offering - SEC filing
20160726,IBM sets regular quarterly cash dividend of $1.40/shr
20160726,ifa systems Q2 EBIT up 5.7 pct at 0.79 million euros
20160718,IBM qtrly GAAP earnings per share of $2.61
20160712,Microsoft announcing new subscription options for Windows 10 and Surface for Businesses
20160629,IBM Corp - Collaborative agreement to manage Blackboard Inc's datacenters
20160623,IBM says announced test of potential of blockchain for use in settlements with virtual currency
20160623,Agfa HealthCare collaborates with IBM and Watson
20160614,"WMware, IBM expand cloud partnership with desktop services"
20160607,IBM signs $300 million services agreement with Emirates Airline
20160602,Cisco and IBM to collaborate to provide instant internet of things insight at edge of network
20160601,IBM to acquire EZSource
20160526,"True Corp, IBM say will establish a new R&D Center for digital technology in Bangkok - Nikkei"
20160517,Ixonos joins forces with IBM to create IoT services
20160512,IBM closes acquisition of Bluewolf
20160426,International Business Machines Corp increase in quarterly cash dividend
20160318,International Business Machines Corp acquires Optevia
20160308,International Business Machines Corporation closes acquisition of ecx.io
20160307,International Business Machines Corp - U.S. Commerce Dept to place restrictions on China's ZTE Corp - Reuters News - Update
20160229,International Business Machines Corporation plans to acquire Resilient Systems
20160224,International Business Machines Corporation closes acquisition of Resource/Ammirati
20160222,International Business Machines Corp and GitHub form strategic partnership
20160203,International Business Machines Corp signs agreement to acquire ecx.io
20160202,International Business Machines Corp to acquire Aperto
20160128,International Business Machines Corporation plans to acquire Resource/Ammirati
20160126,International Business Machines Corporation Board Approves Regular Quarterly Cash Dividend
20160125,Western Digital And International Business Machines Corp announce Patent Acquisition And Cross-License Agreements
20160121,International Business Machines Corp acquires Ustream Inc
20151208,International Business Machines Corp acquired Clearleap Inc
20151119,"International Business Machines Corp - Union says IBM Germany considering up to 3,000 layoffs -report - Reuters"
20151116,International Business Machines Corp and Xilinx announce strategic collaboration to accelerate data center
20151110,International Business Machines Corp closes acquisition of Meteorix
